Date,Type,Confirmation Code,Listing,Details,Reference code,Currency,Amount,Paid out
4/04/2025,Payout,,,"Transfer to AGAF PTY LTD, Checking •••••1351 (AUD)",0MS06xyNoE6aiI30nNPqWoCWsyl,AUD,,103.58
4/04/2025,Reservation,HMCF2TTZEF,Affordable single bed room near everything,,,AUD,103.58,
4/01/2025,Payout,,,"Transfer to AGAF PTY LTD, Checking •••••1351 (AUD)",0MS06w9xhgd7vKdscYaQ4olASf6,AUD,,152.11
4/01/2025,Reservation,HMSAQRD3XJ,Family Room Sleeps 4,,,AUD,152.11,
03/30/2025,Payout,,,"Transfer to AGAF PTY LTD, Checking •••••1351 (AUD)",0MS06uROiSioJ4sVlR7IGU3qIV5,AUD,,116.07
03/30/2025,Reservation,HMMXCZ9NK9,Affordable single bed room near everything,,,AUD,116.07,
03/29/2025,Payout,,,"Transfer to AGAF PTY LTD, Checking •••••1351 (AUD)",0MS06yRDoACg7IUNr45YwPMQdY6,AUD,,1292.58
03/29/2025,Reservation,HM98TFAADS,"Luxury 2BR Unit w/ Parking, Lift, AC & Balcony BB",,,AUD,1292.58,
03/29/2025,Payout,,,"Transfer to AGAF PTY LTD, Checking •••••1351 (AUD)",0MS06q6SoLVyVAFlNtb8w6XzlKO,AUD,,421.12
03/29/2025,Reservation,HMQC2X2Y3E,Family Room Sleeps 4,,,AUD,421.12,
03/28/2025,Payout,,,"Transfer to AGAF PTY LTD, Checking •••••1351 (AUD)",0MS06mdEpQtdXKEtZRm81JTd5TB,AUD,,953.35
03/28/2025,Reservation,HM2YBM8PPM,Affordable single bed room near everything,,,AUD,131.09,
03/28/2025,Reservation,HMHDC3NWK9,Double bed with en suite,,,AUD,601.2,
03/28/2025,Reservation,HMFZQB8KTE,Affordable single bed room near everything,,,AUD,221.06,
03/27/2025,Payout,,,"Transfer to AGAF PTY LTD, Checking •••••1351 (AUD)",0MS06sPD7BvlBKjDc1bgyxrvCU3,AUD,,107.5
03/27/2025,Reservation,HM5QXRJNSY,Affordable single bed room near everything,,,AUD,107.5,
03/26/2025,Payout,,,"Transfer to AGAF PTY LTD, Checking •••••1351 (AUD)",0MS06q4GbfeBIqAScn8bP64z1H6,AUD,,115.72
03/26/2025,Reservation,HMR3SZ53KB,Private Double Room in  Potts Point /Share Bthroom,,,AUD,115.72,
03/25/2025,Payout,,,"Transfer to AGAF PTY LTD, Checking •••••1351 (AUD)",0MS06sZI6kIztoIApMq0XmLm8RL,AUD,,1185.69
03/25/2025,Reservation,HMTQSWRSWH,"Luxury 2BR Unit w/ Parking, Lift, AC & Balcony BB",,,AUD,1185.69,
03/24/2025,Payout,,,"Transfer to AGAF PTY LTD, Checking •••••1351 (AUD)",0MS06wyPPqEU0IKLsIgyCHtdC3x,AUD,,626.25
03/24/2025,Reservation,HMNEBW3MR2,"Luxury 2BR Unit w/ Parking, Lift, AC & Balcony BB",,,AUD,626.25,
03/22/2025,Payout,,,"Transfer to AGAF PTY LTD, Checking •••••1351 (AUD)",0MS06ysJMAB0b2KdsHW7iVByBRY,AUD,,682.38
03/22/2025,Reservation,HMSJHDSZJC,Private Double Room in  Potts Point /Share Bthroom,,,AUD,298.95,
03/22/2025,Reservation,HMSFWDCSPW,Family Room Sleeps 4,,,AUD,383.43,
03/21/2025,Payout,,,"Transfer to AGAF PTY LTD, Checking •••••1351 (AUD)",0MS06tHzhfkRxYTBoNAqu4YWQ99,AUD,,110.72
03/21/2025,Reservation,HMSBKRFYWA,Affordable single bed room near everything,,,AUD,110.72,
03/19/2025,Payout,,,"Transfer to AGAF PTY LTD, Checking •••••1351 (AUD)",0MS06tEP6CTEn4Ztcd1azqzMBXX,AUD,,549.11
03/19/2025,Reservation,HM5MP8DMTT,Family Room Sleeps 4,,,AUD,549.11,
03/16/2025,Payout,,,"Transfer to AGAF PTY LTD, Checking •••••1351 (AUD)",0MS06nAJ6xFUR45neFAVItPnFaB,AUD,,625.72
03/16/2025,Reservation,HMNBADEZDM,Family Room Sleeps 4,,,AUD,274.71,
03/16/2025,Reservation,HME3EFT8MP,Double bed with en suite,,,AUD,187.16,
03/16/2025,Reservation,HMCFFBF823,Private Double Room in  Potts Point /Share Bthroom,,,AUD,163.85,
3/12/2025,Payout,,,"Transfer to AGAF PTY LTD, Checking •••••1351 (AUD)",0MS06pzkAHQ41IUnIjJwhk89tjR,AUD,,5580.3
3/09/2025,Reservation,HMD53CWYBH,"Luxury 2BR Unit w/ Parking, Lift, AC & Balcony BB",,,AUD,1118.9,
3/06/2025,Payout,,,"Transfer to AGAF PTY LTD, Checking •••••1351 (AUD)",0MS06zsizRL9UPBufQmTN9AtX36,AUD,,435.53
3/06/2025,Reservation,HMJT5PWMCB,Triple Room Shared Bathroom,,,AUD,298.09,
3/06/2025,Reservation,HMP5RMX3SW,Double bed with en suite,,,AUD,137.44,
3/05/2025,Payout,,,"Transfer to AGAF PTY LTD, Checking •••••1351 (AUD)",0MS06ylTwEy66vCd884U7JU3ZaR,AUD,,909.18
3/05/2025,Reservation,HM5ED3DYZT,Private Double Room in  Potts Point /Share Bthroom,,,AUD,356.06,
3/05/2025,Reservation,HMR59DAWZM,Private Double Room in  Potts Point /Share Bthroom,,,AUD,553.12,
3/05/2025,Payout,,,"Transfer to AGAF PTY LTD, Checking •••••1351 (AUD)",0MS06tiZ844GyIAyQyyaNXzroy7C,AUD,,943.55
3/05/2025,Reservation,HMRWDMQ23S,"Luxury 2BR Unit w/ Parking, Lift, AC & Balcony BB",,,AUD,943.55,
3/03/2025,Payout,,,"Transfer to AGAF PTY LTD, Checking •••••1351 (AUD)",0MS06ztzU2W65D4UhJzGdkiyJzl3,AUD,,480.43
3/03/2025,Reservation,HMA9STSMTT,Private Double Room in  Potts Point /Share Bthroom,,,AUD,240.22,
3/03/2025,Reservation,HMT2D4QSBE,Private Double Room in  Potts Point /Share Bthroom,,,AUD,240.21,
3/01/2025,Payout,,,"Transfer to AGAF PTY LTD, Checking •••••1351 (AUD)",0MS06zvqsFebG2UstYyFHXeCog1,AUD,,484.83
3/01/2025,Reservation,HM5JANBQ2S,Double bed with en suite,,,AUD,484.83,
02/28/2025,Payout,,,"Transfer to AGAF PTY LTD, Checking •••••1351 (AUD)",0MS06ywvH3H1doADsn68731bvQ6,AUD,,679.77
02/28/2025,Reservation,HMWBZ2J4JJ,Private Double Room in  Potts Point /Share Bthroom,,,AUD,339.89,
02/28/2025,Reservation,HMZFWFBPWK,Private Double Room in  Potts Point /Share Bthroom,,,AUD,339.88,
02/27/2025,Payout,,,"Transfer to AGAF PTY LTD, Checking •••••1351 (AUD)",0MS06oDwqO4X5qijhI1LyOP13p4,AUD,,516.58
02/27/2025,Reservation,HM2ZTBCFYW,Double bed with en suite,,,AUD,516.58,
02/26/2025,Payout,,,"Transfer to AGAF PTY LTD, Checking •••••1351 (AUD)",0MS06qMYut476qsmfUpwLIVahs0,AUD,,2503.33
02/26/2025,Reservation,HM38D3QYHA,"Luxury 2BR Unit w/ Parking, Lift, AC & Balcony BB",,,AUD,2503.33,
02/26/2025,Payout,,,"Transfer to AGAF PTY LTD, Checking •••••1351 (AUD)",0MS06tixrozWwo2BGyJW9SrM1gV,AUD,,1323.8
02/26/2025,Reservation,HM3SWQEZBC,Double bed with en suite,,,AUD,405.3,
02/26/2025,Reservation,HMRRCJEFDH,Family Room Sleeps 4,,,AUD,176.16,
02/26/2025,Reservation,HME5SYDME9,Private Double Room in  Potts Point /Share Bthroom,,,AUD,224.69,
02/26/2025,Reservation,HMC89R2WEM,Double bed with en suite,,,AUD,405.31,
02/26/2025,Reservation,HMDSWYAM85,Private Double Room in  Potts Point /Share Bthroom,,,AUD,112.34,
02/25/2025,Payout,,,"Transfer to AGAF PTY LTD, Checking •••••1351 (AUD)",0MS06ozUI0t6b2EmsP5NCD6GreG,AUD,,322.24
02/25/2025,Reservation,HMJWARFBMF,Affordable single bed room near everything,,,AUD,322.24,
02/24/2025,Payout,,,"Transfer to AGAF PTY LTD, Checking •••••1351 (AUD)",0MS06wQFrCutI4onfW7qkly1H9M,AUD,,603.32
02/24/2025,Reservation,HMMRE2CZFZ,Double bed with en suite,,,AUD,256.21,
02/24/2025,Reservation,HM9JMJRBK3,Private Double Room in  Potts Point /Share Bthroom,,,AUD,347.11,
02/22/2025,Payout,,,"Transfer to AGAF PTY LTD, Checking •••••1351 (AUD)",0MS06rSEdKEbh4VAiVrttwwjWJ6,AUD,,159.55
02/22/2025,Reservation,HM5ASF2P49,Affordable single bed room near everything,,,AUD,159.55,
02/20/2025,Payout,,,"Transfer to AGAF PTY LTD, Checking •••••1351 (AUD)",0MS06y4MO9YRPIM3LQANlsUzwU9,AUD,,368.73
02/20/2025,Reservation,HM2HYE2NDH,Affordable single bed room near everything,,,AUD,368.73,
02/19/2025,Payout,,,"Transfer to AGAF PTY LTD, Checking •••••1351 (AUD)",0MS06t9DjtPqDa1KiyLTj6zjDZR,AUD,,142.87
02/19/2025,Reservation,HMAQ2EJ9HT,Triple Room Shared Bathroom,,,AUD,142.87,
02/18/2025,Payout,,,"Transfer to AGAF PTY LTD, Checking •••••1351 (AUD)",0MS06zjHwNQrpw6SJzxyYjGCEN91,AUD,,536.59
02/18/2025,Reservation,HMRYY2ZFKM,Private Double Room in  Potts Point /Share Bthroom,,,AUD,289.43,
02/18/2025,Reservation,HMXPHDSNZB,Private Double Room in  Potts Point /Share Bthroom,,,AUD,247.16,
02/17/2025,Payout,,,"Transfer to AGAF PTY LTD, Checking •••••1351 (AUD)",0MS06tVF4NdM5KJTgn4bru1z7FV,AUD,,385.77
02/17/2025,Reservation,HMEBZH5PN5,Private Double Room in  Potts Point /Share Bthroom,,,AUD,385.77,
02/16/2025,Payout,,,"Transfer to AGAF PTY LTD, Checking •••••1351 (AUD)",0MS06otJqn8GXK2MWip9Z8UKNq2,AUD,,547.81
02/16/2025,Reservation,HMPXMK8FNN,Double bed with en suite,,,AUD,195.39,
02/16/2025,Reservation,HM8WZDBBFM,Triple Room Shared Bathroom,,,AUD,187.44,
02/16/2025,Reservation,HM5ZZFYTQZ,Private Double Room in  Potts Point /Share Bthroom,,,AUD,164.98,
02/15/2025,Payout,,,"Transfer to AGAF PTY LTD, Checking •••••1351 (AUD)",0MS06qA2LP62cqueeTIKX1xmu33,AUD,,1232.68
02/15/2025,Reservation,HMK2BYAQTR,Private Double Room in  Potts Point /Share Bthroom,,,AUD,1232.68,
02/14/2025,Payout,,,"Transfer to AGAF PTY LTD, Checking •••••1351 (AUD)",0MS06rw9sDAkhqApiPe5uVzYe31,AUD,,151.47
02/14/2025,Reservation,HM2EHT4YW8,Double bed with en suite,,,AUD,151.47,
2/12/2025,Payout,,,"Transfer to AGAF PTY LTD, Checking •••••1351 (AUD)",0MS06m2b0tVqO4jhgyEvSLMk6QO,AUD,,489.38
2/12/2025,Reservation,HMXJ5EZX42,Family Room Sleeps 4,,,AUD,489.38,
2/11/2025,Payout,,,"Transfer to AGAF PTY LTD, Checking •••••1351 (AUD)",0MS06vhPcv6INKYmd4XsIIo3xW8,AUD,,6457.89
2/11/2025,Reservation,HMQNBYFX95,"Luxury 2BR Unit w/ Parking, Lift, AC & Balcony BB",,,AUD,6457.89,
2/08/2025,Payout,,,"Transfer to AGAF PTY LTD, Checking •••••1351 (AUD)",0MS06tKHYWjkVaymms9bXh57yNd,AUD,,1380.25
2/08/2025,Reservation,HMY9SS8R5R,"Luxury 2BR Unit w/ Parking, Lift, AC & Balcony BB",,,AUD,1380.25,
2/07/2025,Payout,,,"Transfer to AGAF PTY LTD, Checking •••••1351 (AUD)",0MS06opcDMf04qK6YLRCCdJ6uk6,AUD,,87.17
2/07/2025,Reservation,HM3MCRYX39,Affordable single bed room near everything,,,AUD,87.17,
2/06/2025,Payout,,,"Transfer to AGAF PTY LTD, Checking •••••1351 (AUD)",0MS06tzjG35F1ALVKdmgeozzgqJ1,AUD,,1031.22
2/06/2025,Reservation,HM9FNHD5FH,"Luxury 2BR Unit w/ Parking, Lift, AC & Balcony BB",,,AUD,1031.22,
2/02/2025,Payout,,,"Transfer to AGAF PTY LTD, Checking •••••1351 (AUD)",0MS06umuQ4GTDqjIbWdF3eVAJX5,AUD,,174.25
2/02/2025,Reservation,HM8S5H5RS2,Private Double Room in  Potts Point /Share Bthroom,,,AUD,174.25,
2/01/2025,Payout,,,"Transfer to AGAF PTY LTD, Checking •••••1351 (AUD)",0MS06tDz7jWj6ABInP3WnLSN7zK,AUD,,1375.37
2/01/2025,Reservation,HMNAPCRDPE,Double bed with en suite,,,AUD,350.27,
2/01/2025,Reservation,HM2A94HZAF,Family Room Sleeps 4,,,AUD,177.95,
2/01/2025,Reservation,HMAT5TBWHW,Triple Room Shared Bathroom,,,AUD,153.64,
2/01/2025,Reservation,HMCJAXFH4X,Triple Room Shared Bathroom,,,AUD,693.51,
01/31/2025,Payout,,,"Transfer to AGAF PTY LTD, Checking •••••1351 (AUD)",0MS06yMErGD1VA8zg4mA7ANLE4b,AUD,,90.85
01/31/2025,Reservation,HM9KAYET8B,Affordable single bed room near everything,,,AUD,90.85,
01/31/2025,Payout,,,"Transfer to AGAF PTY LTD, Checking •••••1351 (AUD)",0MS06mneyPFvtIHrnLFyTGKlqy41,AUD,,902.63
01/31/2025,Reservation,HMNZYPTXB2,"Luxury 2BR Unit w/ Parking, Lift, AC & Balcony BB",,,AUD,902.63,
01/30/2025,Payout,,,"Transfer to AGAF PTY LTD, Checking •••••1351 (AUD)",0MS06ptR1DRFIavhgrF6L9s1rt5,AUD,,395.19
01/30/2025,Reservation,HMBAXJTAA2,Affordable single bed room near everything,,,AUD,304.34,
01/30/2025,Reservation,HMHZJCJA9P,Affordable single bed room near everything,,,AUD,90.85,
01/27/2025,Payout,,,"Transfer to AGAF PTY LTD, Checking •••••1351 (AUD)",0MS06pjU4rQzgILaNFNeOdABU5M,AUD,,2035.73
01/27/2025,Reservation,HMTNWQBWNE,"Luxury 2BR Unit w/ Parking, Lift, AC & Balcony BB",,,AUD,2035.73,
01/27/2025,Payout,,,"Transfer to AGAF PTY LTD, Checking •••••1351 (AUD)",0MS06z5RNrdjIoMJMDii1iAMFA0,AUD,,423.44
01/27/2025,Reservation,HM4CJC95FB,Private Double Room in  Potts Point /Share Bthroom,,,AUD,207.35,
01/27/2025,Reservation,HMRANZ9MRW,Affordable single bed room near everything,,,AUD,91.01,
01/27/2025,Reservation,HM2MPQCYJT,Triple Room Shared Bathroom,,,AUD,125.08,
01/26/2025,Payout,,,"Transfer to AGAF PTY LTD, Checking •••••1351 (AUD)",0MS06wZLVACiTqFqXky4tZOt1P6,AUD,,905.22
01/26/2025,Reservation,HMS4DPADMQ,Family Room Sleeps 4,,,AUD,336.58,
01/26/2025,Reservation,HMSWTKXBZ5,Double bed with en suite,,,AUD,145.99,
01/26/2025,Reservation,HMJWTFDMZR,Triple Room Shared Bathroom,,,AUD,137.08,
01/26/2025,Reservation,HMHA8CQJMN,Affordable single bed room near everything,,,AUD,285.57,
01/25/2025,Payout,,,"Transfer to AGAF PTY LTD, Checking •••••1351 (AUD)",0MS06tboDH7hnKzrogcSTUz89bI,AUD,,98.23
01/25/2025,Reservation,HMAZQPX4PE,Affordable single bed room near everything,,,AUD,98.23,
01/24/2025,Payout,,,"Transfer to AGAF PTY LTD, Checking •••••1351 (AUD)",0MS06qXCL5n4h4waaJVxpG6HNd1,AUD,,190.41
01/24/2025,Reservation,HMMSWZAQ24,Affordable single bed room near everything,,,AUD,190.41,
01/23/2025,Payout,,,"Transfer to AGAF PTY LTD, Checking •••••1351 (AUD)",0MS06vnqJzyLSjBhgWIz1jAGy1h3,AUD,,93.69
01/23/2025,Reservation,HMRBSDWBEB,Private Double Room in  Potts Point /Share Bthroom,,,AUD,93.69,
01/21/2025,Payout,,,"Transfer to AGAF PTY LTD, Checking •••••1351 (AUD)",0MS06v5AfepUVquLjdQP7EC9n24,AUD,,1666.67
01/21/2025,Reservation,HM8BN5PEYD,"Luxury 2BR Unit w/ Parking, Lift, AC & Balcony BB",,,AUD,1666.67,
01/19/2025,Payout,,,"Transfer to AGAF PTY LTD, Checking •••••1351 (AUD)",0MS06mMWD0KJC454bYUaPQMu0LC,AUD,,1121.41
01/19/2025,Reservation,HMNM2NJQF9,"Luxury 2BR Unit w/ Parking, Lift, AC & Balcony BB",,,AUD,1121.41,
01/19/2025,Payout,,,"Transfer to AGAF PTY LTD, Checking •••••1351 (AUD)",0MS06zvR8pUMN25bMJm2KwQyVyy2,AUD,,192.36
01/19/2025,Reservation,HMMSMQKCSQ,Private Double Room in  Potts Point /Share Bthroom,,,AUD,192.36,
01/18/2025,Payout,,,"Transfer to AGAF PTY LTD, Checking •••••1351 (AUD)",0MS06yR1zlrx2v1dgZAJGzyNUPT1,AUD,,458.55
01/18/2025,Reservation,HM2SR8YQWH,Double bed with en suite,,,AUD,233.43,
01/18/2025,Reservation,HM4WWSKSEC,Private Double Room in  Potts Point /Share Bthroom,,,AUD,101,
01/18/2025,Reservation,HMB5KJR4N8,Double bed with en suite,,,AUD,124.12,
01/17/2025,Payout,,,"Transfer to AGAF PTY LTD, Checking •••••1351 (AUD)",0MS06zOCki9o3ASqnKUGZ4VppjK,AUD,,1185.7
01/17/2025,Reservation,HMFT4HN323,"Luxury 2BR Unit w/ Parking, Lift, AC & Balcony BB",,,AUD,1185.7,
01/17/2025,Payout,,,"Transfer to AGAF PTY LTD, Checking •••••1351 (AUD)",0MS06nKWNKR8xqm5huB8i7nQmyD,AUD,,224.24
01/17/2025,Reservation,HM43Q5S828,Double bed with en suite,,,AUD,224.24,
1/12/2025,Payout,,,"Transfer to AGAF PTY LTD, Checking •••••1351 (AUD)",0MS06pAET3OP24CXiSChyqZEyxb,AUD,,2107.54
1/12/2025,Reservation,HMKXRA3XNT,"Luxury 2BR Unit w/ Parking, Lift, AC & Balcony BB",,,AUD,2107.54,
1/05/2025,Payout,,,"Transfer to AGAF PTY LTD, Checking •••••1351 (AUD)",0MS06w7aheHEVaNcc35IMlCc3E1,AUD,,170.34
1/05/2025,Reservation,HMZQZ434XJ,Double bed with en suite,,,AUD,170.34,
1/05/2025,Payout,,,"Transfer to AGAF PTY LTD, Checking •••••1351 (AUD)",0MS06zRM8aCJUwMcH5SrzAb8n8l,AUD,,3533.72
1/05/2025,Reservation,HMB2Z88X4Y,"Luxury 2BR Unit w/ Parking, Lift, AC & Balcony BB",,,AUD,3533.72,
1/04/2025,Payout,,,"Transfer to AGAF PTY LTD, Checking •••••1351 (AUD)",0MS06pxacaJHC4aBfEbrC6JOoh0,AUD,,2079.98
1/04/2025,Reservation,HMMHDJ2PB4,Family Room Sleeps 4,,,AUD,796.59,
1/04/2025,Reservation,HMTSEM2H32,Affordable single bed room near everything,,,AUD,124.41,
1/04/2025,Reservation,HMCNESK33Z,Double bed with en suite,,,AUD,1009.51,
1/04/2025,Reservation,HMM59BE2WZ,Triple Room Shared Bathroom,,,AUD,149.47,
1/03/2025,Payout,,,"Transfer to AGAF PTY LTD, Checking •••••1351 (AUD)",0MS06rvozX0CzHBi8iAVVsF2jdM,AUD,,1037.07
1/03/2025,Reservation,HM3RKBN3EZ,Affordable single bed room near everything,,,AUD,447.56,
1/03/2025,Reservation,HM9TC3BE9A,Affordable single bed room near everything,,,AUD,124.41,
1/03/2025,Reservation,HMA2QPTJNT,Family Room Sleeps 4,,,AUD,216.27,
1/03/2025,Reservation,HM9DQXMA93,Affordable single bed room near everything,,,AUD,248.83,
1/02/2025,Payout,,,"Transfer to AGAF PTY LTD, Checking •••••1351 (AUD)",0MS06mCjEUb7Uqk8gKBD6izXeb7,AUD,,596.25
1/02/2025,Reservation,HMYYWXKKQ9,Private Double Room in  Potts Point /Share Bthroom,,,AUD,163.65,
1/02/2025,Reservation,HMZ3Z45ZK2,Private Double Room in  Potts Point /Share Bthroom,,,AUD,432.6,
1/01/2025,Payout,,,"Transfer to AGAF PTY LTD, Checking •••••1351 (AUD)",0MS06qb0B7HzB20lskRBKrcjHyT,AUD,,507.68
1/01/2025,Reservation,HMQ8CQNMHF,Private Double Room in  Potts Point /Share Bthroom,,,AUD,507.68,
12/31/2024,Payout,,,"Transfer to AGAF PTY LTD, Checking •••••1351 (AUD)",0MS06pvCRTymtwEHICAVKI2lfWQ,AUD,,1313.49
12/31/2024,Reservation,HM9ATCY3Q5,Affordable single bed room near everything,,,AUD,127.67,
12/31/2024,Reservation,HMQF9NSZX2,Affordable single bed room near everything,,,AUD,127.65,
12/31/2024,Reservation,HMNZWJ3FW2,Affordable single bed room near everything,,,AUD,127.66,
12/31/2024,Reservation,HMWMSZHQD5,Private Double Room in  Potts Point /Share Bthroom,,,AUD,139.95,
12/31/2024,Reservation,HM23SQ2BCD,Private Double Room in  Potts Point /Share Bthroom,,,AUD,139.93,
12/31/2024,Reservation,HMZSDJZM9B,Private Double Room in  Potts Point /Share Bthroom,,,AUD,139.93,
12/31/2024,Reservation,HMTBRHBY9E,Double bed with en suite,,,AUD,175.14,
12/31/2024,Reservation,HMHPDFZJFD,Affordable single bed room near everything,,,AUD,127.65,
12/31/2024,Reservation,HMYFWTFD4P,Family Room Sleeps 4,,,AUD,207.91,
12/30/2024,Payout,,,"Transfer to AGAF PTY LTD, Checking •••••1351 (AUD)",0MS06yuHL3b9j27MKMRon9DqnXE,AUD,,1248.42
12/30/2024,Reservation,HMBD4KY9YJ,Double bed with en suite,,,AUD,953.71,
12/30/2024,Reservation,HMJF552B8Z,Private Double Room in  Potts Point /Share Bthroom,,,AUD,294.71,
12/28/2024,Payout,,,"Transfer to AGAF PTY LTD, Checking •••••1351 (AUD)",0MS06uEq4zLpSAMdqRFzT9bciGz0,AUD,,358.21
12/28/2024,Reservation,HM8TJDP9FS,Private Double Room in  Potts Point /Share Bthroom,,,AUD,159.48,
12/28/2024,Reservation,HMBKHYMX9A,Double bed with en suite,,,AUD,198.73,
12/27/2024,Payout,,,"Transfer to AGAF PTY LTD, Checking •••••1351 (AUD)",0MS06xHsKAWpCqdznlHmtQebzlx,AUD,,1098.86
12/27/2024,Reservation,HM948FENHZ,"Luxury 2BR Unit w/ Parking, Lift, AC & Balcony BB",,,AUD,1098.86,
12/25/2024,Payout,,,"Transfer to AGAF PTY LTD, Checking •••••1351 (AUD)",0MS06sxPFXI3zgODID2nnZugy7Y,AUD,,634.92
12/25/2024,Reservation,HM2HHHQDF8,Family Room Sleeps 4,,,AUD,439.21,
12/25/2024,Reservation,HMDPXAW82Z,Double bed with en suite,,,AUD,108.68,
12/25/2024,Reservation,HM8HK3RDRK,Affordable single bed room near everything,,,AUD,87.03,
12/24/2024,Payout,,,"Transfer to AGAF PTY LTD, Checking •••••1351 (AUD)",0MS06nLOxKHnPqSZdeCK8vmIN3E,AUD,,930.52
12/24/2024,Reservation,HM4P828WZ4,Triple Ensuite Room,,,AUD,930.52,
12/20/2024,Payout,,,"Transfer to AGAF PTY LTD, Checking •••••1351 (AUD)",0MS06tNYPCmHYavpc5BxRv2TSE5,AUD,,3901.24
12/20/2024,Reservation,HMSZMSRDT8,"Luxury 2BR Unit w/ Parking, Lift, AC & Balcony BB",,,AUD,3901.24,
12/12/2024,Payout,,,"Transfer to AGAF PTY LTD, Checking •••••1351 (AUD)",0MS06xUoV06Yp49sY4Y3e9N4wyR,AUD,,106.88
12/12/2024,Reservation,HMFBEQA98W,Private Double Room in  Potts Point /Share Bthroom,,,AUD,106.88,
12/08/2024,Payout,,,"Transfer to AGAF PTY LTD, Checking •••••1351 (AUD)",0MS06nSjScrQAavrdtHkuPCczyt,AUD,,1260.85
12/08/2024,Reservation,HMF2KA829Q,"Luxury 2BR Unit w/ Parking, Lift, AC & Balcony BB",,,AUD,1260.85,
12/07/2024,Payout,,,"Transfer to AGAF PTY LTD, Checking •••••1351 (AUD)",0MS06xjsRKFu94ydmFe14jtZia0,AUD,,543.11
12/07/2024,Reservation,HMZ8KYWKWB,Double bed with en suite,,,AUD,543.11,
12/06/2024,Payout,,,"Transfer to AGAF PTY LTD, Checking •••••1351 (AUD)",0MS06yutb92UOwGaJxInjgwfdhF,AUD,,105.84
12/06/2024,Reservation,HM3WDZHQZJ,Private Double Room in  Potts Point /Share Bthroom,,,AUD,105.84,
12/05/2024,Payout,,,"Transfer to AGAF PTY LTD, Checking •••••1351 (AUD)",0MS06zmi3LDjEw6wK2zVgBE7rVw,AUD,,530.39
12/05/2024,Reservation,HMSZKNCT8H,Double bed with en suite,,,AUD,530.39,
12/04/2024,Payout,,,"Transfer to AGAF PTY LTD, Checking •••••1351 (AUD)",0MS06mFcPJzoSg2sLcuoX1qcKDF,AUD,,784.33
12/04/2024,Reservation,HMZW5A3BQ8,Private Double Room in  Potts Point /Share Bthroom,,,AUD,317.51,
12/04/2024,Reservation,HMJRQMJ83A,Double bed with en suite,,,AUD,360.98,
12/04/2024,Reservation,HMHDHMXXSY,Private Double Room in  Potts Point /Share Bthroom,,,AUD,105.84,
12/03/2024,Payout,,,"Transfer to AGAF PTY LTD, Checking •••••1351 (AUD)",0MS06vCye6n6GYNINYrq1LUGNAH,AUD,,214.56
12/03/2024,Resolution Adjustment,HMHDX9253T,Private Double Room in  Potts Point /Share Bthroom,Resolution adjustment for resolution 36285569,,AUD,-50,
12/03/2024,Reservation,HMXZM8HNZE,Triple Ensuite Room,,,AUD,158.72,
12/03/2024,Reservation,HM4HZSE9BW,Private Double Room in  Potts Point /Share Bthroom,,,AUD,105.84,
12/01/2024,Payout,,,"Transfer to AGAF PTY LTD, Checking •••••1351 (AUD)",0MS06sZqbHHOF4jGYFZWXUSY7E0,AUD,,495.15
12/01/2024,Reservation,HM2YRBPPQM,Double bed with en suite,,,AUD,220.44,
12/01/2024,Reservation,HMHDX9253T,Private Double Room in  Potts Point /Share Bthroom,,,AUD,274.71,
11/30/2024,Payout,,,"Transfer to AGAF PTY LTD, Checking •••••1351 (AUD)",0MS06zX1Mf5zEL8iAzsOE3o77d60,AUD,,219.61
11/30/2024,Reservation,HMJYH5D2ZH,Private Double Room in  Potts Point /Share Bthroom,,,AUD,219.61,
11/29/2024,Payout,,,"Transfer to AGAF PTY LTD, Checking •••••1351 (AUD)",0MS06y1jiUyOSPDzD470BNVSegb1,AUD,,115.86
11/29/2024,Reservation,HMMQT5HWHW,Affordable single bed room near everything,,,AUD,115.86,
11/27/2024,Payout,,,"Transfer to AGAF PTY LTD, Checking •••••1351 (AUD)",0MS06yyA8V2MQ5CrB6lkNGYnyC40,AUD,,214.5
11/27/2024,Reservation,HMDDD995SC,Private Double Room in  Potts Point /Share Bthroom,,,AUD,214.5,
11/26/2024,Payout,,,"Transfer to AGAF PTY LTD, Checking •••••1351 (AUD)",0MS06s5zmyUITr9C86RnyzKcSey3,AUD,,214.5
11/26/2024,Reservation,HMDT2BT53A,Private Double Room in  Potts Point /Share Bthroom,,,AUD,214.5,
11/21/2024,Payout,,,"Transfer to AGAF PTY LTD, Checking •••••1351 (AUD)",0MS06xye8tA0XILOpdvTx2VF8QE,AUD,,214.17
11/21/2024,Reservation,HMJCF24KZT,Private Double Room in  Potts Point /Share Bthroom,,,AUD,214.17,
11/20/2024,Payout,,,"Transfer to AGAF PTY LTD, Checking •••••1351 (AUD)",0MS06m8lFwaXUKrWiw0zHTjjCQR,AUD,,541.08
11/20/2024,Reservation,HM9H3SE9J2,Private Double Room in  Potts Point /Share Bthroom,,,AUD,541.08,
11/18/2024,Payout,,,"Transfer to AGAF PTY LTD, Checking •••••1351 (AUD)",0MS06zXtsztfyYaHrQ5BFBh5jNy2,AUD,,2672
11/18/2024,Reservation,HMBHMK2AZW,"Luxury 2BR Unit w/ Parking, Lift, AC & Balcony BB",,,AUD,2672,
11/15/2024,Payout,,,"Transfer to AGAF PTY LTD, Checking •••••1351 (AUD)",0MS06toBOVnyoA4dmyePGe2o6WB,AUD,,112.95
11/15/2024,Reservation,HMAZ3N85X4,Private Double Room in  Potts Point /Share Bthroom,,,AUD,112.95,
11/14/2024,Payout,,,"Transfer to AGAF PTY LTD, Checking •••••1351 (AUD)",0MS06zlaS5MKVA60oSqZcTREN2I,AUD,,1202.4
11/14/2024,Reservation,HMHK8WMEXZ,"Luxury 2BR Unit w/ Parking, Lift, AC & Balcony BB",,,AUD,1202.4,
11/12/2024,Payout,,,"Transfer to AGAF PTY LTD, Checking •••••1351 (AUD)",0MS06yqynCsfW1CPg0OctgKpHed,AUD,,960.05
11/12/2024,Reservation,HMSHBNRPPN,Private Double Room in  Potts Point /Share Bthroom,,,AUD,124,
11/12/2024,Reservation,HMAYR2R9QJ,Affordable single bed room near everything,,,AUD,231.71,
11/12/2024,Reservation,HMDY2NZA9R,Affordable single bed room near everything,,,AUD,604.34,
11/11/2024,Payout,,,"Transfer to AGAF PTY LTD, Checking •••••1351 (AUD)",0MS06vy42TzZg9Ecg5OOCPSYbWe,AUD,,1047.1
11/11/2024,Reservation,HMTWEM43ZH,Private Double Room in  Potts Point /Share Bthroom,,,AUD,330.67,
11/11/2024,Reservation,HMXC8R9PQ2,Private Double Room in  Potts Point /Share Bthroom,,,AUD,220.44,
11/11/2024,Reservation,HMKKWPDTA2,Private Double Room in  Potts Point /Share Bthroom,,,AUD,495.99,
11/07/2024,Payout,,,"Transfer to AGAF PTY LTD, Checking •••••1351 (AUD)",0MS06whwf6LQOqVvW8lbkXP25s9,AUD,,111.56
11/07/2024,Reservation,HMWSDMXXBC,Private Double Room in  Potts Point /Share Bthroom,,,AUD,111.56,
11/05/2024,Payout,,,"Transfer to AGAF PTY LTD, Checking •••••1351 (AUD)",0MS06o76sscenKrZcjX6Ue7xh4F,AUD,,100
11/05/2024,Resolution Payout,HMRNEY9B9A,Family Room Sleeps 4,Resolution payout for resolution 35656272,,AUD,100,
11/04/2024,Payout,,,"Transfer to AGAF PTY LTD, Checking •••••1351 (AUD)",0MS06ySeP8cyeb2rAac5tAwoqKe,AUD,,2733.79
11/04/2024,Reservation,HMTAJKFNJS,"Luxury 2BR Unit w/ Parking, Lift, AC & Balcony BB",,,AUD,2733.79,
11/03/2024,Payout,,,"Transfer to AGAF PTY LTD, Checking •••••1351 (AUD)",0MS06qyaWTZhuASmtLMKjwXSOC8,AUD,,855.45
11/03/2024,Reservation,HMKCT532SB,"Luxury 2BR Unit w/ Parking, Lift, AC & Balcony BB",,,AUD,542.08,
11/03/2024,Reservation,HMDC3TSS5Z,Double bed with en suite,,,AUD,187.12,
11/03/2024,Reservation,HMEEQ49Z4F,Private Double Room in  Potts Point /Share Bthroom,,,AUD,126.25,
11/02/2024,Payout,,,"Transfer to AGAF PTY LTD, Checking •••••1351 (AUD)",0MS06wb4F2KLaaVyJYRxIKrUK25,AUD,,1029.98
11/02/2024,Reservation,HM3K58HPC2,Private Double Room in  Potts Point /Share Bthroom,,,AUD,109.55,
11/02/2024,Reservation,HM5F2JFP5Y,Double bed with en suite,,,AUD,299.77,
11/02/2024,Reservation,HMZER9N3YC,Private Double Room in  Potts Point /Share Bthroom,,,AUD,383.6,
11/02/2024,Reservation,HMZE39KDBH,Private Double Room in  Potts Point /Share Bthroom,,,AUD,237.06,
11/01/2024,Payout,,,"Transfer to AGAF PTY LTD, Checking •••••1351 (AUD)",0MS06zr40E0iMIPQJBdED3MBiA3,AUD,,670.72
11/01/2024,Reservation,HMXX2PZXPB,Triple Room Shared Bathroom,,,AUD,670.72,
10/31/2024,Payout,,,"Transfer to AGAF PTY LTD, Checking •••••1351 (AUD)",0MS06wdCkQoBLKZ4bqbf7ItEZ6C,AUD,,435.78
10/31/2024,Reservation,HMZRPAFNJM,Family Room Sleeps 4,,,AUD,298.09,
10/31/2024,Reservation,HMSDN2NSW2,Triple Room Shared Bathroom,,,AUD,137.69,
10/30/2024,Payout,,,"Transfer to AGAF PTY LTD, Checking •••••1351 (AUD)",0MS06mqLM7yiDgI1JoXvdGeyAf3,AUD,,149.04
10/30/2024,Reservation,HMRNEY9B9A,Family Room Sleeps 4,,,AUD,149.04,
10/26/2024,Payout,,,"Transfer to AGAF PTY LTD, Checking •••••1351 (AUD)",0MS06xOV9fCz6Y6ALAWygcFR9ms,AUD,,1387.1
10/26/2024,Reservation,HMZYJF3DNF,Private Double Room in  Potts Point /Share Bthroom,,,AUD,109.55,
10/26/2024,Reservation,HMPSFXBNXR,"Luxury 2BR Unit w/ Parking, Lift, AC & Balcony BB",,,AUD,1277.55,
10/25/2024,Payout,,,"Transfer to AGAF PTY LTD, Checking •••••1351 (AUD)",0MS06wBUfEwbzIIqN4z8wulVqeK,AUD,,547.76
10/25/2024,Reservation,HMCMEC4CWE,Private Double Room in  Potts Point /Share Bthroom,,,AUD,547.76,
10/24/2024,Payout,,,"Transfer to AGAF PTY LTD, Checking •••••1351 (AUD)",0MS06xe9gAb3cKMsfQLQX729Ya1,AUD,,1329.49
10/24/2024,Reservation,HMP8XQZ2NZ,Family Room Sleeps 4,,,AUD,891.12,
10/24/2024,Reservation,HM5JY2FQTB,Private Double Room in  Potts Point /Share Bthroom,,,AUD,438.37,
10/23/2024,Payout,,,"Transfer to AGAF PTY LTD, Checking •••••1351 (AUD)",0MS06pQhJfWqywK4mF8UkXwmP76,AUD,,626.25
10/23/2024,Reservation,HMEZDYS2TQ,"Luxury 2BR Unit w/ Parking, Lift, AC & Balcony BB",,,AUD,626.25,
10/20/2024,Payout,,,"Transfer to AGAF PTY LTD, Checking •••••1351 (AUD)",0MS06uOwxhBiyo7mm7RO0jAy22z0,AUD,,173.68
10/20/2024,Reservation,HMJAYNT83X,Family Room Sleeps 4,,,AUD,173.68,
10/20/2024,Payout,,,"Transfer to AGAF PTY LTD, Checking •••••1351 (AUD)",0MS06zj2Fareyr97eWAdzrHz8qa1,AUD,,868.41
10/20/2024,Reservation,HM3ME2JT5P,"Luxury 2BR Unit w/ Parking, Lift, AC & Balcony BB",,,AUD,868.41,
10/19/2024,Payout,,,"Transfer to AGAF PTY LTD, Checking •••••1351 (AUD)",0MS06w0zKhFRwoBLMI0fz833QVq,AUD,,1149.63
10/19/2024,Reservation,HM3KYZ4SRE,Private Double Room in  Potts Point /Share Bthroom,,,AUD,219.1,
10/19/2024,Reservation,HM593AT3FJ,Triple Room Shared Bathroom,,,AUD,153.64,
10/19/2024,Reservation,HMQ49YR3BK,Triple Ensuite Room,,,AUD,448.23,
10/19/2024,Reservation,HM48NEQ3EY,Private Double Room in  Potts Point /Share Bthroom,,,AUD,328.66,
10/16/2024,Payout,,,"Transfer to AGAF PTY LTD, Checking •••••1351 (AUD)",0MS06ozkIPREhwJ3IERDuyCy6kN0,AUD,,212.42
10/16/2024,Reservation,HM39J4E2CT,Affordable single bed room near everything,,,AUD,212.42,
10/15/2024,Payout,,,"Transfer to AGAF PTY LTD, Checking •••••1351 (AUD)",0MS06qS3sBGhtqyFG8jyGeutKMm,AUD,,657.31
10/15/2024,Reservation,HM9NEAZHJK,Private Double Room in  Potts Point /Share Bthroom,,,AUD,657.31,
10/12/2024,Payout,,,"Transfer to AGAF PTY LTD, Checking •••••1351 (AUD)",0MS06p2RFpR5BaQMZGlJMcznqIM,AUD,,544.08
10/12/2024,Reservation,HM9RNT5ZBJ,Private Double Room in  Potts Point /Share Bthroom,,,AUD,108.21,
10/12/2024,Reservation,HMXEWQM89S,Private Double Room in  Potts Point /Share Bthroom,,,AUD,435.87,
10/10/2024,Payout,,,"Transfer to AGAF PTY LTD, Checking •••••1351 (AUD)",0MS06yG8bAOfTgMFnA5zQEWMtLa,AUD,,124.24
10/10/2024,Reservation,HMD4Y859HE,Triple Room Shared Bathroom,,,AUD,124.24,
10/07/2024,Payout,,,"Transfer to AGAF PTY LTD, Checking •••••1351 (AUD)",0MS06xjqPu9BI45MX5yMEHUAITH,AUD,,108.22
10/07/2024,Reservation,HMFJTRBA8B,Private Double Room in  Potts Point /Share Bthroom,,,AUD,108.22,
10/06/2024,Payout,,,"Transfer to AGAF PTY LTD, Checking •••••1351 (AUD)",0MS06sohPVYNaaJ8iuIxy8qb9k5,AUD,,157.65
10/06/2024,Reservation,HMWHTYSRDR,Triple Room Shared Bathroom,,,AUD,157.65,
10/06/2024,Payout,,,"Transfer to AGAF PTY LTD, Checking •••••1351 (AUD)",0MS06zGIgpLqqI5loU9K2gkkfM7,AUD,,110.89
10/06/2024,Reservation,HM2YEWHSCM,Affordable single bed room near everything,,,AUD,110.89,
10/05/2024,Payout,,,"Transfer to AGAF PTY LTD, Checking •••••1351 (AUD)",0MS06vySqCzM7XAg83tpEyhg7I21,AUD,,843.37
10/05/2024,Reservation,HM2HMCNXXR,Private Double Room in  Potts Point /Share Bthroom,,,AUD,213.77,
10/05/2024,Reservation,HM5MQAZCBZ,Private Double Room in  Potts Point /Share Bthroom,,,AUD,213.77,
10/05/2024,Reservation,HM2DN29SWD,Triple Room Shared Bathroom,,,AUD,308.95,
10/05/2024,Reservation,HMD2X5859Y,Private Double Room in  Potts Point /Share Bthroom,,,AUD,106.88,
10/05/2024,Payout,,,"Transfer to AGAF PTY LTD, Checking •••••1351 (AUD)",0MS06zEUJ3Ygkw6ZHZjg9yoz6Wn0,AUD,,561.62
10/05/2024,Reservation,HMFNRNXPRE,Affordable single bed room near everything,,,AUD,561.62,
10/04/2024,Payout,,,"Transfer to AGAF PTY LTD, Checking •••••1351 (AUD)",0MS06zA3iL2zL99AxtTUPVsbF2m,AUD,,950.23
10/04/2024,Reservation,HM9FY3YQR4,Family Room Sleeps 4,,,AUD,950.23,
09/29/2024,Payout,,,"Transfer to AGAF PTY LTD, Checking •••••1351 (AUD)",0MS06ymt2sjprA7ImAaRDJ2L6US,AUD,,120.65
09/29/2024,Reservation,HM9N5XWXQD,Private Double Room in  Potts Point /Share Bthroom,,,AUD,120.65,
09/28/2024,Payout,,,"Transfer to AGAF PTY LTD, Checking •••••1351 (AUD)",0MS06wjZUMf4ZK8zMq4CHh9MKrA,AUD,,208.67
09/27/2024,Reservation,HMFTD9SSXF,Affordable single bed room near everything,,,AUD,674.28,
09/15/2024,Payout,,,"Transfer to AGAF PTY LTD, Checking •••••1351 (AUD)",0MS06wv0J6UVLqrKjQBxJoCt7NB,AUD,,410.82
09/15/2024,Reservation,HMBEKPCJDB,Private Double Room in  Potts Point /Share Bthroom,,,AUD,215.43,
09/15/2024,Reservation,HMTZEHFRMX,Family Room Sleeps 4,,,AUD,195.39,
9/12/2024,Payout,,,"Transfer to AGAF PTY LTD, Checking •••••1351 (AUD)",0MS06v1CGsbzXw2Zo5Pe2IOzUy31,AUD,,88.01
9/12/2024,Reservation,HMFTT2DEJE,Private Double Room in  Potts Point /Share Bthroom,,,AUD,88.01,
08/25/2024,Payout,,,"Transfer to AGAF PTY LTD, Checking •••••1351 (AUD)",0MS06yhfqC9qNYF2LDSy8Yz1bPg1,AUD,,155.59
08/25/2024,Reservation,HMS3Z5MZDM,Affordable single bed room near everything,,,AUD,77.79,
08/25/2024,Reservation,HMHBKPPJRB,Affordable single bed room near everything,,,AUD,77.8,
08/22/2024,Payout,,,"Transfer to AGAF PTY LTD, Checking •••••1351 (AUD)",0MS06t6dvdKyeARyByz8maKoLoM0,AUD,,66.44
08/22/2024,Reservation,HMBMS3EKW2,Affordable single bed room near everything,,,AUD,66.44,
8/11/2024,Payout,,,"Transfer to AGAF PTY LTD, Checking •••••1351 (AUD)",0MS06qgnL87SrKqDbKOLc68EaG5,AUD,,302.1
8/11/2024,Reservation,HMAAWJM82H,Private Double Room in  Potts Point /Share Bthroom,,,AUD,119.24,
8/11/2024,Reservation,HM4NHMTBNF,Triple Room Shared Bathroom,,,AUD,182.86,
8/07/2024,Payout,,,"Transfer to AGAF PTY LTD, Checking •••••1351 (AUD)",0MS06ntDnzazYH2Mh4D3LLlE0SL,AUD,,708.91
8/07/2024,Reservation,HMWFW3FSMQ,Double bed with en suite,,,AUD,708.91,
8/04/2024,Payout,,,"Transfer to AGAF PTY LTD, Checking •••••1351 (AUD)",0MS06w3zl8pgogVEN3JlllEgM77,AUD,,157.81
8/04/2024,Reservation,HMJQFHWP54,Triple Ensuite Room,,,AUD,157.81,
07/24/2024,Payout,,,"Transfer to AGAF PTY LTD, Checking •••••1351 (AUD)",0MS06yuBvMlnww20MZzJwE5SJXL,AUD,,998.53
07/24/2024,Reservation,HMDCXYQMFR,Family Room Sleeps 4,,,AUD,998.53,
07/16/2024,Payout,,,"Transfer to AGAF PTY LTD, Checking •••••1351 (AUD)",0MS06rR2layQSoGqop9pozKi49c,AUD,,363.23
07/16/2024,Reservation,HMFQHXZY5W,Family Room Sleeps 4,,,AUD,363.23,
7/07/2024,Payout,,,"Transfer to AGAF PTY LTD, Checking •••••1351 (AUD)",0MS06wmeSbgUjq4paYSzoQTHT8Q,AUD,,178.69
7/07/2024,Reservation,HMHNQWFZHT,Family Room Sleeps 4,,,AUD,178.69,
7/02/2024,Payout,,,"Transfer to AGAF PTY LTD, Checking •••••1351 (AUD)",0MS06q2a6O4xO4gTbZ488yrxIbD,AUD,,258.85
7/02/2024,Reservation,HM8RCC3W9H,Triple Room Shared Bathroom,,,AUD,258.85,
6/09/2024,Payout,,,"Transfer to AGAF PTY LTD, Checking •••••1351 (AUD)",0MS06zqmYG5zb19JvqjTv6HJHmQ,AUD,,287.24
6/09/2024,Reservation,HM2MJ9B8HN,Triple Room Shared Bathroom,,,AUD,287.24,
6/09/2024,Payout,,,"Transfer to AGAF PTY LTD, Checking •••••1351 (AUD)",0MS06mEXtuC9oaJoWUgaZDqfusA,AUD,,457.58
6/09/2024,Reservation,HM9EJZ4C5D,Family Room Sleeps 4,,,AUD,192.05,
6/09/2024,Reservation,HMK9Q3N5B9,Private Double Room in  Potts Point /Share Bthroom,,,AUD,265.53,
6/07/2024,Payout,,,"Transfer to AGAF PTY LTD, Checking •••••1351 (AUD)",0MS06mzbTyt3mD5a8ONSSLq3ToR,AUD,,423.35
6/07/2024,Reservation,HMJTFRMHTJ,Triple Room Shared Bathroom,,,AUD,423.35,
05/20/2024,Payout,,,"Transfer to AGAF PTY LTD, Checking •••••1351 (AUD)",0MS06yQLgGbrRYTpLky7zWq344R1,AUD,,248
05/20/2024,Reservation,HMMXR9FDJB,Affordable single bed room near everything,,,AUD,248,
5/03/2024,Payout,,,"Transfer to AGAF PTY LTD, Checking •••••1351 (AUD)",0MS06r4rfjfKQKyDJwM73spHfYQ,AUD,,96.03
5/03/2024,Reservation,HMMK4AK4EQ,Private Double Room in  Potts Point /Share Bthroom,,,AUD,96.03,
04/19/2024,Payout,,,"Transfer to AGAF PTY LTD, Checking •••••1351 (AUD)",0MS06uIbEiTzVI1ooA2CsHkyozm0,AUD,,511.02
04/19/2024,Reservation,HMR89RHQJR,Family Room Sleeps 4,,,AUD,511.02,
04/18/2024,Payout,,,"Transfer to AGAF PTY LTD, Checking •••••1351 (AUD)",0MS06y27fvIlWg82Hh0g5DRvBTP,AUD,,116.07
04/18/2024,Reservation,HMTZYKYJS3,Triple Room Shared Bathroom,,,AUD,116.07,
4/06/2024,Payout,,,"Transfer to AGAF PTY LTD, Checking •••••1351 (AUD)",0MS06zNZ14zi2n0zKHok4Tit3gp0,AUD,,424.18
4/06/2024,Reservation,HMJYHY3W2H,Triple Room Shared Bathroom,,,AUD,424.18,
4/04/2024,Payout,,,"Transfer to AGAF PTY LTD, Checking •••••1351 (AUD)",0MS06u4bzsIO623tpFexxjlXOWE,AUD,,217.1
4/04/2024,Reservation,HMNFPYS4QY,Private Double Room in  Potts Point /Share Bthroom,,,AUD,217.1,
03/31/2024,Payout,,,"Transfer to AGAF PTY LTD, Checking •••••1351 (AUD)",0MS06ytSpicAvY8zhIsiMOxLipe,AUD,,141.11
03/31/2024,Reservation,HMS3JKKCNK,Private Double Room in  Potts Point /Share Bthroom,,,AUD,141.11,
03/30/2024,Payout,,,"Transfer to AGAF PTY LTD, Checking •••••1351 (AUD)",0MS06zppcLa84QU8HUiJeu7fpyg,AUD,,112.72
03/30/2024,Reservation,HMXBEJFXT2,Affordable single bed room near everything,,,AUD,112.72,
03/25/2024,Payout,,,"Transfer to AGAF PTY LTD, Checking •••••1351 (AUD)",0MS06o2NHpz8AAB1KU7lBBnQOKB,AUD,,242.15
03/25/2024,Reservation,HM5RXJSF9X,Triple Room Shared Bathroom,,,AUD,242.15,
03/22/2024,Payout,,,"Transfer to AGAF PTY LTD, Checking •••••1351 (AUD)",0MS06tRutLEf7KMUlqXuqmlOOL3,AUD,,121.07
03/22/2024,Reservation,HM5XFT5BXY,Triple Room Shared Bathroom,,,AUD,121.07,
03/19/2024,Payout,,,"Transfer to AGAF PTY LTD, Checking •••••1351 (AUD)",0MS06vRY7eMGPKljWXvg5NIrJh6,AUD,,511.02
03/19/2024,Reservation,HMHN8B5BQK,Family Room Sleeps 4,,,AUD,511.02,
3/06/2024,Payout,,,"Transfer to AGAF PTY LTD, Checking •••••1351 (AUD)",0MS06vxSj7zY2oCdMDENGO04Ei8,AUD,,974.74
3/06/2024,Reservation,HMNBMTABR3,Double bed with en suite,,,AUD,974.74,
3/01/2024,Payout,,,"Transfer to AGAF PTY LTD, Checking •••••1351 (AUD)",0MS06tuLnrELv4RSimv0rFEZmY0,AUD,,1147.29
3/01/2024,Reservation,HM4YFSP9AW,Double bed with en suite,,,AUD,827.48,
3/01/2024,Reservation,HMKEWHY98M,Double bed with en suite,,,AUD,319.81,
02/25/2024,Payout,,,"Transfer to AGAF PTY LTD, Checking •••••1351 (AUD)",0MS06nK7baz8XgHCKK2hD60AP4V,AUD,,292.25
02/25/2024,Reservation,HMXR5CT2EN,Affordable single bed room near everything,,,AUD,292.25,
02/23/2024,Payout,,,"Transfer to AGAF PTY LTD, Checking •••••1351 (AUD)",0MS06tvgJxCzFI6ELiDIrggRFtQ,AUD,,1027.05
02/23/2024,Reservation,HMK4CCFF9R,Family Room Sleeps 4,,,AUD,1027.05,
02/18/2024,Payout,,,"Transfer to AGAF PTY LTD, Checking •••••1351 (AUD)",0MS06mOjXbeCfqYIbdty9guf70F,AUD,,375.75
02/18/2024,Reservation,HMKY5QQ9YR,Triple Room Shared Bathroom,,,AUD,375.75,
02/16/2024,Payout,,,"Transfer to AGAF PTY LTD, Checking •••••1351 (AUD)",0MS06x5MXI3pOaZ7fEeZa45uAyT,AUD,,121.07
02/16/2024,Reservation,HM9XRNZBT8,Affordable single bed room near everything,,,AUD,121.07,
02/14/2024,Payout,,,"Transfer to AGAF PTY LTD, Checking •••••1351 (AUD)",0MS06s0RCYexBKfxfQXqTxkcyO5,AUD,,225.45
02/14/2024,Reservation,HMJE4CN2AD,Affordable single bed room near everything,,,AUD,225.45,
02/14/2024,Payout,,,"Transfer to AGAF PTY LTD, Checking •••••1351 (AUD)",0MS06yHI4cswU20yglWxc9KwyZO0,AUD,,161.99
02/14/2024,Reservation,HMN5W8NBKP,Double bed with en suite,,,AUD,161.99,
02/13/2024,Payout,,,"Transfer to AGAF PTY LTD, Checking •••••1351 (AUD)",0MS06zyzFHPXBkaOSgkqqa6V8Ak0,AUD,,363.52
02/13/2024,Cancellation Fee,HME4TAAH85,Affordable single bed room near everything,,,AUD,-147.5,
02/13/2024,Reservation,HM3ZKSATTJ,Family Room Sleeps 4,,,AUD,511.02,
2/08/2024,Payout,,,"Transfer to AGAF PTY LTD, Checking •••••1351 (AUD)",0MS06v9ViIkwcqdFejMIhRGzo8D,AUD,,145.29
2/08/2024,Reservation,HMQJ4B5AMY,Double bed with en suite,,,AUD,145.29,
2/04/2024,Payout,,,"Transfer to AGAF PTY LTD, Checking •••••1351 (AUD)",0MS06yRhT0R7AgRwJjT3yaCdF5H,AUD,,133.6
2/04/2024,Reservation,HMPBQXJMKB,Affordable single bed room near everything,,,AUD,133.6,
2/02/2024,Payout,,,"Transfer to AGAF PTY LTD, Checking •••••1351 (AUD)",0MS06zODQXcNwIFMMVVcaqXjBQF,AUD,,245.49
2/02/2024,Reservation,HMQF9HTH4D,Double bed with en suite,,,AUD,245.49,
01/27/2024,Payout,,,"Transfer to AGAF PTY LTD, Checking •••••1351 (AUD)",0MS06vhF4Yftm4kZdRvkM0CWN70,AUD,,132.77
01/27/2024,Reservation,HM3ATNC9FK,Triple Room Shared Bathroom,,,AUD,132.77,
01/22/2024,Payout,,,"Transfer to AGAF PTY LTD, Checking •••••1351 (AUD)",0MS06wyXnsRBhYHGqjGQB00RV87,AUD,,107.71
01/22/2024,Reservation,HMRCJ8Q489,Affordable single bed room near everything,,,AUD,107.71,
01/20/2024,Payout,,,"Transfer to AGAF PTY LTD, Checking •••••1351 (AUD)",0MS06x2bUrrBia9KWLs1y6bAAN8,AUD,,107.71
01/20/2024,Reservation,HMXDBXJ5NP,Affordable single bed room near everything,,,AUD,107.71,
01/20/2024,Payout,,,"Transfer to AGAF PTY LTD, Checking •••••1351 (AUD)",0MS06sQURN3Rta8ztrFUPUqR3OP,AUD,,494.32
01/20/2024,Reservation,HMA3RFZ2NJ,Affordable single bed room near everything,,,AUD,315.63,
01/20/2024,Reservation,HM95S234A2,Family Room Sleeps 4,,,AUD,178.69,
01/19/2024,Payout,,,"Transfer to AGAF PTY LTD, Checking •••••1351 (AUD)",0MS06zegKAzwbyZST6jq8R5sJ9c1,AUD,,325.66
01/19/2024,Reservation,HMEDK8YZDD,Affordable single bed room near everything,,,AUD,162.83,
01/19/2024,Reservation,HMXDBXJ5NP,Affordable single bed room near everything,,,AUD,162.83,
01/18/2024,Payout,,,"Transfer to AGAF PTY LTD, Checking •••••1351 (AUD)",0MS06o6qDVhMn4E7gMiPsUNHlo9,AUD,,533.56
01/18/2024,Reservation,HMBZ2N395K,Double bed with en suite,,,AUD,212.92,
01/18/2024,Reservation,HMYT9QEBC8,Double bed with en suite,,,AUD,320.64,
01/16/2024,Payout,,,"Transfer to AGAF PTY LTD, Checking •••••1351 (AUD)",0MS06rOzFZmp5gTUozQSYfxzODV0,AUD,,116.07
01/16/2024,Reservation,HMWJ9N8N9A,Triple Room Shared Bathroom,,,AUD,116.07,
01/16/2024,Payout,,,"Transfer to ALRAY PTY LTD, Checking •••••1109 (AUD)",0MS06s5yheDgtoBuMbp4K3GTfvH,AUD,,522
01/16/2024,Reservation,HMEQRHXA4S,Double bed with en suite,,,AUD,522,
01/15/2024,Payout,,,"Transfer to ALRAY PTY LTD, Checking •••••1109 (AUD)",0MS06r9qLIR9VKquhE1HQ5gd8wC,AUD,,313.12
01/15/2024,Reservation,HMEQRHXA4S,Double bed with en suite,,,AUD,313.12,
01/14/2024,Payout,,,"Transfer to ALRAY PTY LTD, Checking •••••1109 (AUD)",0MS06wymsAKK1QGQHFee93sqAJK,AUD,,248.84
01/14/2024,Reservation,HMB9W2MA95,Triple Room Shared Bathroom,,,AUD,248.84,
01/13/2024,Payout,,,"Transfer to ALRAY PTY LTD, Checking •••••1109 (AUD)",0MS06mbr3xrSHqrmeIiz3cfmLWQ,AUD,,111.89
01/13/2024,Reservation,HMQHC3BR2E,Double bed with en suite,,,AUD,111.89,
1/12/2024,Payout,,,"Transfer to ALRAY PTY LTD, Checking •••••1109 (AUD)",0MS06wKwd8V6K46TfX4cjy84fvO,AUD,,232.13
1/12/2024,Reservation,HM4R3PAH49,Triple Room Shared Bathroom,,,AUD,232.13,
1/11/2024,Payout,,,"Transfer to ALRAY PTY LTD, Checking •••••1109 (AUD)",0MS06mcsV4VXY4MDZ1SvUM5nHcE,AUD,,691.55
1/11/2024,Reservation,HMSMDRY8SK,Double bed with en suite,,,AUD,691.55,
1/06/2024,Payout,,,"Transfer to ALRAY PTY LTD, Checking •••••1109 (AUD)",0MS06t6ES1qq5KJSXZBUCALchtA,AUD,,344.85
1/06/2024,Reservation,HMSE2JMPCX,Family Room Sleeps 4,,,AUD,344.85,
1/05/2024,Payout,,,"Transfer to ALRAY PTY LTD, Checking •••••1109 (AUD)",0MS06qs4ole9yA8RqYU4vnhGsSD,AUD,,499.33
1/05/2024,Reservation,HMDFQ5AXHC,Triple Room Shared Bathroom,,,AUD,499.33,
1/05/2024,Payout,,,"Transfer to ALRAY PTY LTD, Checking •••••1109 (AUD)",0MS06photCpylwUottD6P5THqGB,AUD,,107.72
1/05/2024,Reservation,HM3PWKWBCQ,Affordable single bed room near everything,,,AUD,107.72,
1/04/2024,Payout,,,"Transfer to ALRAY PTY LTD, Checking •••••1109 (AUD)",0MS06y7XzfIXb9Fwx2c9Gtgzthi1,AUD,,212.09
1/04/2024,Reservation,HM3PWKWBCQ,Affordable single bed room near everything,,,AUD,212.09,
1/02/2024,Payout,,,"Transfer to ALRAY PTY LTD, Checking •••••1109 (AUD)",0MS06yrCIQgXxIChpGlD7Jj7t71,AUD,,374.07
1/02/2024,Reservation,HMCWKCNYPT,Triple Room Shared Bathroom,,,AUD,374.07,
1/01/2024,Payout,,,"Transfer to ALRAY PTY LTD, Checking •••••1109 (AUD)",0MS06pwTldprQq1gkK2yt2YONh0,AUD,,1555.6
1/01/2024,Reservation,HMWYHJZ3HB,Affordable single bed room near everything,,,AUD,475.11,
1/01/2024,Reservation,HMMAEW8T3B,Affordable single bed room near everything,,,AUD,299.77,
1/01/2024,Reservation,HMW48TS8WW,Double bed with en suite,,,AUD,780.72,
